p_value	real_mean	simulated_mean
0.0	0.19999999999999998	0.0
0.0	0.14285714285714282	0.0
0.0	0.15	0.0
0.0	0.15	0.0
0.0	0.13636363636363635	0.0
0.0	0.233974358974359	0.0
0.0	0.3461538461538462	0.0
0.0	0.3406593406593407	0.0
0.0	0.3520833333333333	0.0
0.0	0.34375	0.0
