module_name	real	random	significant	lo_ci	hi_ci
colocalization	0.01177605029111363	0.0072067506780811265	True	0.006395683410310212	0.008038652009888602
synthetic genetic interaction defined by inequality	0.01115242624814933	0.007215925834968687	True	0.006989786138948589	0.007421740610351571
association	0.011447338354842157	0.007207782032772624	True	0.006794197586894854	0.0076366072877924445
physical association	0.00978652443170341	0.007212420441471099	True	0.007060202473558492	0.007352244572951647
physical	0.008455560835218258	0.007210485488268133	True	0.0071312834105252115	0.0072870027199811544
direct interaction	0.009153891224617502	0.0072085365699431905	True	0.007017084915488541	0.007381184919899172
suppressive genetic interaction defined by inequality	0.009750271875823587	0.00720173512902825	True	0.007046715062733723	0.007340843126683034
genetic	0.009509189417638954	0.007212250018834004	True	0.007080853872769164	0.0073521381677331375
additive genetic interaction defined by inequality	0.0101399491688428	0.007204089924526397	True	0.0070576184621315196	0.007342300521721395
