p_value	real_mean	simulated_mean
0.7233889087500237	0.13333333333333333	0.0
0.7357824378989454	0.11111111111111113	0.0
0.7219937617558967	0.11111111111111113	0.008928571428571428
0.7219937617558967	0.08333333333333333	0.017857142857142856
0.7219937617558967	0.125	0.013888888888888888
0.705058998699583	0.125	0.010416666666666666
0.6777884203650543	0.09999999999999999	0.0078125
0.6777884203650543	0.055555555555555566	0.006944444444444444
