p_value	real_mean	simulated_mean	simulated_std
0.5093692388977862	0.018518518518518517	0.0024904927248677244	0.006245226101247695
0.6001558149966139	0.018518518518518517	0.005675617784992784	0.014724647346181912
0.6041844211031286	0.01515151515151515	0.004156329058672808	0.012348602685853667
0.6520779923604882	0.01515151515151515	0.006223333409563575	0.018042204948090626
0.6530886177358868	0.0303030303030303	0.014277253874293346	0.04120246615521357
0.6336946026918464	0.0303030303030303	0.014352651338671075	0.04202179442560687
0.6759698286271458	0.030612244897959183	0.01663878699012762	0.05275507625850685
0.6485662516811865	0.03571428571428571	0.014780866855774942	0.049140011143890244
