p_value	real_mean	simulated_mean
0.7134651434730919	0.018518518518518556	0.007530381944444445
0.7134651434730919	0.018518518518518556	0.007530381944444445
0.6777060698435738	0.01515151515151514	0.007509886188271605
0.6777060698435738	0.01515151515151514	0.008712047044695071
0.6777060698435738	0.03030303030303028	0.017424094089390142
0.6777060698435738	0.03030303030303028	0.01869697029030911
0.6532396678087984	0.03061224489795924	0.01793851723803556
0.6532396678087984	0.035714285714285664	0.021845858134920636
