p_value	real_mean	simulated_mean
0.0	0.125	0.0
0.0	0.125	0.0
0.0	0.125	0.0
0.0	0.125	0.0
0.0	0.11111111111111113	0.0
0.0	0.09999999999999999	0.0
0.0	0.09999999999999999	0.0
0.0	0.19999999999999998	0.0
0.0	0.3	0.0
0.0	0.5	0.0
0.0	0.5454545454545454	0.0
0.0	0.5	0.0
0.0	0.4285714285714285	0.0
0.0	0.35294117647058826	0.0
0.0	0.31578947368421056	0.0
0.0	0.3333333333333333	0.0
