p_value	real_mean	simulated_mean
0.0	0.015625	0.0
0.0	0.029411764705882356	0.0
0.0	0.027777777777777783	0.0
