p_value	real_mean	simulated_mean
0.6592033401501052	0.01515151515151514	0.022426607632052876
0.6431323073324131	0.01282051282051279	0.0243608480649499
0.6028717207741213	0.006410256410256395	0.020555036821208808
0.6106332486280918	0.004464285714285708	0.022503767076991345
