p_value	real_mean	simulated_mean
0.5240329174523897	0.004464285714285661	0.023275152125260077
