p_value	real_mean	simulated_mean	simulated_std
0.5623002297652853	0.003105590062111801	0.004040398645914193	0.013581789467049861
0.6404013489045386	0.0022624434389140274	0.003104494739954254	0.012465352480260431
0.46112538703611045	0.006722689075630252	0.003537427020293243	0.012617670631944387
0.5439202206182855	0.0040729879439556855	0.0025486869740728602	0.011719463643942826
