p_value	real_mean	simulated_mean
0.624330081158476	0.003105590062111806	0.003626141559225799
0.6008214656589226	0.002262443438914024	0.0025690195221445226
0.5384664980228855	0.006722689075630236	0.003234037064952245
0.5398527157750351	0.0040729879439556785	0.002024445237837031
