LOD_cutoff	real_mean	random_mean	CI_l	CI_r
0	0.056668984965549625	0.043850039666673626	0.04358891455524991	0.044111164778097345
1	0.056668984965549625	0.043850039666673626	0.04358891455524991	0.044111164778097345
2	0.056668984965549625	0.043850039666673626	0.04358891455524991	0.044111164778097345
3	0.05678118183672649	0.0437552925131266	0.04349175312746133	0.04401883189879187
4	0.07206987577098233	0.05457299199347368	0.05426379001540528	0.05488219397154208
5	0.11482747953222291	0.10498014906762071	0.10451977424562557	0.10544052388961585
