p_value	real_mean	simulated_mean
0.0	0.5	0.0
0.0	0.5	0.0
0.0	0.5	0.0
0.0	0.3333333333333333	0.0
0.0	0.3333333333333333	0.0
0.0	0.25	0.0
