p_value	real_mean	simulated_mean
0.3676922642002693	0.1666666666666657	0.06449068509615388
0.3550328701440824	0.0625	0.05498616865932864
0.5392249203479197	0.17037037037036643	0.07810424134266059
