p_value	real_mean	simulated_mean
0.44043927142219597	0.004807692307692308	0.10110357668951418
0.42147930948193946	0.004201680672268907	0.09050697693850267
0.4211872455780044	0.004524886877828053	0.08855826184640521
0.42885324824139076	0.004524886877828053	0.09194878472222222
0.42886311625560164	0.004524886877828053	0.09877637553418801
