module_name	real	random	significant	lo_ci	hi_ci
thecellmap	0.005940604981395309	0.0032428858121882143	True	0.0025145136348936675	0.004050329265021308
