q_value_cutoff	real_modules	random_modules
1e-08	0.16129032	0.1654263
1e-07	0.19417475	0.18474802
1e-06	0.23287672	0.18127961
1e-05	0.2638037	0.20000356
1e-04	0.26168224	0.23593721
0.001	0.31164384	0.26559454
0.01	0.31542057	0.32132295
