p_value	real_mean	simulated_mean
0.0	0.09090909090909093	0.0
0.0	0.08333333333333333	0.0
0.0	0.07692307692307693	0.0
0.0	0.07692307692307693	0.0
0.0	0.13333333333333333	0.0
0.0	0.10526315789473684	0.0
0.0	0.09999999999999999	0.0
0.0	0.09999999999999999	0.0
0.0	0.15	0.0
0.0	0.15	0.0
0.0	0.14285714285714282	0.0
0.0	0.13043478260869565	0.0
0.0	0.13043478260869565	0.0
0.0	0.13043478260869565	0.0
