p_value	real_mean	simulated_mean
0.5070254087465192	0.025641025641025637	0.019196428571428573
0.5070254087465192	0.038461538461538464	0.03199404761904762
0.5070254087465192	0.038461538461538464	0.030753968253968256
0.4950572555257201	0.038461538461538464	0.030753968253968256
0.4989178127951594	0.03809523809523809	0.030753968253968256
0.49252952554306395	0.03333333333333333	0.029761904761904764
0.48906516785367654	0.03333333333333333	0.025869963369963368
0.4778729607800588	0.029629629629629624	0.020399305555555556
