p_value	real_mean	simulated_mean
0.6429841035740228	0.005681818181818183	0.011431897691088868
0.5960687306397187	0.008264462809917356	0.016423734670198926
0.5830063886499188	0.00641025641025641	0.015273176578323637
