p_value	real_mean	simulated_mean
0.0	0.0625	0.0
0.0	0.05882352941176471	0.0
0.0	0.05882352941176471	0.0
0.0	0.05882352941176471	0.0
0.0	0.05882352941176471	0.0
