module_name	real	random	significant	lo_ci	hi_ci
thecellmap	0.029765825492969186	0.014022736658035311	True	0.011668916799070578	0.016897751611810938
