q_value_cutoff	real_modules	random_modules
1e-08	0.015267176	0.06021884
1e-07	0.02818792	0.0745034
1e-06	0.04088785	0.100163534
1e-05	0.040968344	0.10869018
1e-04	0.04715447	0.1395643
0.001	0.057320442	0.19076045
0.01	0.09689508	0.24366595
