curve_similarity_score	mean_q_score	median_q_score
0.00031244236074279996	0.01701392294577729	0.0129498565876131
