curve_similarity_score	mean_q_score	median_q_score
3.5116894947761524e-06	0.01748620355629121	0.0137626117218454
