curve_similarity_score	mean_p_score	mean_q_score	median_p_score	median_q_score
6.753776157797724e-07	0.4	0.01701392294577729	0.0	0.0129498565876131
