curve_similarity_score	mean_p_score	mean_q_score	median_p_score	median_q_score
2.2427807645456527e-06	0.2	0.01748620355629121	0.0	0.0137626117218454
