	mean_p_score	mean_q_score	median_p_score	median_q_score	robustness_score
Glycosylation, protein folding|targeting, cell wall biosynthesis	0.13851682068284613	0.02044162669207583	0.10171712106870605	0.0203933480168962	22.33410706251994
Nuclear-cytoplasmic transport	0.203125	0.017307697874710638	0.203125	0.0133357073660589	0.09828681483234106
Respiration, oxidative phosphorylation, mitochondrial targeting	0.011759914314740993	0.010565240325554035	0.0	0.002461234042657215	18.419774103019595
Ribosome biogenesis	0.4956303621136885	0.012633081662501107	0.44957002555195713	0.00692166943876205	0.3074673364558337
rDNA & ncDNA processing	0.172057040494752	0.0154763885865104	0.1015625	0.0102545649072027	5.719024859133068
