p_value	real_mean	simulated_mean
0.125	0.018518518518518517	0.0
0.25	0.011111111111111112	0.0
