p_value	real_mean	simulated_mean
0.5133513836447754	0.10416666666666799	0.1448595707399775
0.555246641384209	0.20636837987068793	0.20555288573153468
0.5511861228135384	0.2117574389377813	0.2073595129604105
