p_value	real_mean	simulated_mean
0.41226657520316995	0.030080213903743384	0.0453936190953654
0.41226657520316995	0.032388663967611295	0.04320201796558703
0.41226657520316995	0.044471153846153896	0.059327423878205124
0.41226657520316995	0.04372710622710615	0.05861282814407812
0.41793977690732587	0.06499169435215958	0.08674535402823919
0.41793977690732587	0.06560283687943264	0.08521258126477542
0.41793977690732587	0.06560283687943264	0.08521258126477542
0.41793977690732587	0.09770436730123158	0.1282187558324002
