p_value	real_mean	simulated_mean
0.10822069088659006	0.05555555555555664	0.021367612092391287
0.10822069088659006	0.0864197530864185	0.03331336196588012
0.15844144066139138	0.11107196724843599	0.05876995150250016
