p_value	real_mean	simulated_mean	simulated_std
0.8032833666695005	0.030080213903743318	0.043549581290849675	0.07664881325404413
0.8128397371638871	0.032388663967611336	0.04335902356050382	0.07199142410213678
0.8496332962125017	0.04447115384615385	0.05128992101648352	0.08920977337527358
0.7894921138420126	0.043727106227106224	0.05583258610602361	0.09150185694633962
0.8285517514780647	0.06499169435215947	0.07952871010322735	0.13001446642949696
0.8509689527351688	0.06560283687943262	0.07708434474558144	0.12895626804454138
0.8342962573600607	0.06560283687943262	0.08268800834459078	0.13071687472581217
0.8562753508374918	0.0977043673012318	0.1082239341705327	0.18956918294287728
