p_value	real_mean	simulated_mean
0.8038511463751179	0.037037037037037035	0.06785714285714285
0.8034276155096199	0.03333333333333333	0.05744047619047619
