p_value	real_mean	simulated_mean
0.3528088158047419	0.07936507936507922	0.078679935515873
0.3528088158047419	0.07936507936507922	0.078679935515873
0.3528088158047419	0.07777777777777764	0.07464037698412697
0.4704001592236067	0.11666666666666678	0.10858754960317457
0.4704001592236067	0.11666666666666678	0.10842580012077294
0.4773549548805297	0.07000000000000012	0.09125245320048307
0.558199947483195	0.11363636363636341	0.0664248821924603
