p_value	real_mean	simulated_mean
0.8795136971096762	0.047619047619047616	0.0125
0.8665152841385996	0.047619047619047616	0.010416666666666666
