p_value	real_mean	simulated_mean
0.5579272812512652	0.008928571428571426	0.002232142857142857
0.5847258937058792	0.01680672268907563	0.001953125
0.5745737536033644	0.013888888888888892	0.001953125
