	mean_q_score	median_q_score	robustness_score
Cytochrome bc1 complex	0.015920371044155928	0.014586728797576949	0.00034156175506632375
Decapping complex	0.015019881672112514	0.013884173187919048	0.0009485060508087492
Ergocalciferol biosynthesis	0.007794087991774559	7.67068018402381e-05	0.13940768657400068
F-type ATPase, eukaryotes	0.020045830097817678	0.0164942364298006	0.006960396454207464
RNA polymerase I, eukaryotes	0.014243338195786194	0.0094132846790597	0.0002735984442309657
Ribosome, eukaryotes	0.025909064876546692	0.0274196819786793	1.4698924838412933e-05
