	mean_q_score	median_q_score	robustness_score
Cytochrome bc1 complex	0.007735387163098325	0.002461234042657215	0.00024309836506476243
Ergocalciferol biosynthesis	0.009483603699012487	0.0005355011644739865	0.027527689609286355
Fatty acid biosynthesis, initiation	0.013139498674809616	0.0054870521234971804	1.5283976500403174
Isoleucine biosynthesis, threonine to 2-oxobutanoate to isoleucine	0.008329155535861584	0.0006349162178508651	1.6802136544161357
Ribosome, eukaryotes	0.014568477414049064	0.00945865218763172	0.0009762042268545486
Valine|isoleucine biosynthesis, pyruvate to valine | 2-oxobutanoate to isoleucine	0.006836158632548249	0.00023554504086256603	2.2964762307870425
