	mean_p_score	mean_q_score	median_p_score	median_q_score	robustness_score
Cytochrome bc1 complex	0.05061567578450786	0.007735387163098325	0.0	0.002461234042657215	0.000313223956303439
Ergocalciferol biosynthesis	0.03266037288255119	0.009483603699012487	0.03266037288255119	0.0005355011644739865	0.13844497167424452
Fatty acid biosynthesis, initiation	0.0383634219966856	0.013139498674809616	0.03925738467723001	0.0054870521234971804	1.632942161012666
Isoleucine biosynthesis, threonine to 2-oxobutanoate to isoleucine	0.05599044328667039	0.008329155535861584	0.052707382114143816	0.0006349162178508651	3.373965695861706
Ribosome, eukaryotes	0.021267601009137032	0.014568477414049064	0.0	0.00945865218763172	0.0011434308968283715
Valine|isoleucine biosynthesis, pyruvate to valine | 2-oxobutanoate to isoleucine	0.03497863906233482	0.006836158632548249	0.03485482988300115	0.00023554504086256603	3.349028235878561
