	mean_p_score	mean_q_score	median_p_score	median_q_score	robustness_score
Cytochrome bc1 complex	0.04838184639874078	0.015920371044155928	0.0	0.014586728797576949	0.002715290387471385
Decapping complex	0.25609783381253204	0.015019881672112514	0.0	0.013884173187919048	0.00016757487775569143
Ergocalciferol biosynthesis	0.031965884959061434	0.007794087991774559	0.031965884959061434	7.67068018402381e-05	0.5304140258684037
F-type ATPase, eukaryotes	0.17106628538791588	0.020045830097817678	0.19506962192860144	0.0164942364298006	0.011361369671579429
RNA polymerase I, eukaryotes	0.2011673227128994	0.014243338195786194	0.0	0.0094132846790597	0.00012063293705442953
Ribosome, eukaryotes	0.04449787733622726	0.025909064876546692	0.0	0.0274196819786793	0.00014132627977455776
