p_value	real_mean	simulated_mean
0.6797265720815533	0.0030769230769230774	0.0
0.6797265720815533	0.0027472527472527475	0.0
