module_name	real	random	significant	lo_ci	hi_ci
kegg_modules	0.026508160127226166	0.0033836766828277747	True	0.002079086137412774	0.0052579320916836415
