q_value_cutoff	real_modules	random_modules
1e-08	0.64285713	0.17422688
1e-07	0.5620438	0.1883727
1e-06	0.43814433	0.20578933
1e-05	0.3940678	0.21043153
1e-04	0.34539473	0.2302863
0.001	0.2908654	0.2783734
0.01	0.27533785	0.32860857
