module_name	real	random	significant	lo_ci	hi_ci
physical	0.0043221274512713894	0.0050969276595995506	False	0.004991619465306581	0.005202744951788885
