module_name	real	random	significant
physical	0.007525009926141315	0.00901546877028454	True
