p_value	real_mean	simulated_mean
0.6879574085114624	0.012499999999999999	0.0
0.5363415118021	0.01240079365079365	0.041666666666666664
