p_value	real_mean	simulated_mean
0.125	0.3333333333333333	0.0
0.125	0.3333333333333333	0.0
0.125	0.3333333333333333	0.0
0.125	0.25	0.0
0.125	0.375	0.0
0.125	0.375	0.0
0.125	0.3	0.0
0.125	0.16666666666666666	0.0
