SNP	gene	p.value	FDR	q.value
DPB11	PAM16	2.77250703680628e-07	0.00030235007353202997	0.000274562132998909
gJL06	PAM16	3.6004193818897297e-07	0.000377028251891611	0.00034237690049459797
ATG23	SEN1	4.12873044589297e-06	0.0028262906563771197	0.0025665361414492303
REX4	HSE1	5.710298413788009e-06	0.0036431795157116	0.0033083475953768603
gOL02	HSE1	6.56467681933746e-06	0.00405936439476463	0.0036862823740253796
SNR37	PAM16	6.59778582501822e-06	0.004074787489053521	0.0037002879855204704
IRA2	HSE1	7.03589676759293e-06	0.00428219611658598	0.0038886344096256205
YKL102C	PAM16	7.16898225642348e-06	0.00434119014295077	0.00394220650082339
gLR13	SEN1	7.78031072904426e-06	0.00461857400435101	0.00419409697915481
AAT1	PAM16	9.63917059692677e-06	0.00547790999886044	0.00497445440013706
YLR428C	SEN1	1.21873614015839e-05	0.0065604943376022795	0.00595754218881817
RCY1	NRD1	2.8839508048655605e-05	0.0124217508319322	0.0112801110453012
YJL107C	PAM16	3.34240104541895e-05	0.013815919950103997	0.0125461469432746
SLD2	PAM16	3.3858888019199393e-05	0.0139456108684069	0.0126639184216932
NOP15	SEN1	3.529513854631429e-05	0.0143837888191923	0.0130618249655723
KTI12	PAM16	3.53617361131094e-05	0.0144060262412451	0.0130820186237378
gJL05	PAM16	5.56695156965058e-05	0.0199159713272537	0.0180855638779151
gJL04	PAM16	6.306846899227671e-05	0.0218119544800709	0.0198072938331498
REX4	VPS27	7.05985241956471e-05	0.0236249431864629	0.0214536570720104
YKL097C	PAM16	7.10580583561396e-05	0.0237415644167987	0.0215595600518903
gOL02	VPS27	7.33567729925875e-05	0.0242671849598869	0.0220368726444504
NNL035W	SEN1	7.42344584319603e-05	0.0244831279828874	0.0222329690975078
ACO2	NRD1	8.5857516136374e-05	0.0271071660657415	0.0246158409939238
MPD2	HSE1	0.000119462027959936	0.0340629612625772	0.0309323533189801
IRA2	VPS27	0.000133498175525146	0.0367304462939467	0.0333546791064348
YPQ1	HSE1	0.000195543087198687	0.0474362674349076	0.0430765655727718
TRM10	HSE1	0.00022066412248282998	0.0514313717426544	0.0467044937802107
YHL008C	HSE1	0.000222528048108944	0.05170678342484599	0.046954593335445
YAP3	HSE1	0.00023273544351044	0.05329136181808	0.0483935386562379
STE20	HSE1	0.00023273544351044	0.05329136181808	0.0483935386562379
