p_value	real_mean	simulated_mean
0.46111682727284675	0.01	0.03333333333333333
