module_name	real	random	significant	lo_ci	hi_ci
kegg_pathways	0.016009656677539206	0.007560846733476705	True	0.006892391108320814	0.008359334900088186
