q_value_cutoff	real_modules	random_modules
1e-08	0.13671875	0.14313346
1e-07	0.15210356	0.15654951
1e-06	0.16430596	0.16575342
1e-05	0.19541617	0.19163764
1e-04	0.2369765	0.2300885
0.001	0.26545754	0.2633648
0.01	0.3490627	0.3465704
