p_value	real_mean	simulated_mean
0.5737246833042626	0.3333333333333314	0.040687109656836244
0.5632617382237463	0.19999999999999699	0.03141401241987179
0.5768944833663592	0.03846153846153939	0.013626437697284435
0.5448200007917708	0.00694444444444458	0.005505550303896568
