module_name	real	random	significant	lo_ci	hi_ci
kegg_pathways	0.005451796169560613	0.0032545071502728994	True	0.0027352418938659234	0.0038251101902405022
