q_value_cutoff	real_modules	random_modules
1e-08	0.47482014	0.14852788
1e-07	0.40291262	0.16063476
1e-06	0.35357141	0.16897255
1e-05	0.37356323	0.19180071
1e-04	0.38137472	0.23091187
0.001	0.33968255	0.26423153
0.01	0.39955106	0.34279364
