p_value	real_mean	simulated_mean
0.5844391780680358	0.00510204081632653	0.005584415584415584
0.581170410971667	0.00510204081632653	0.007098152392270039
0.581170410971667	0.00510204081632653	0.008046889253785805
