p_value	real_mean	simulated_mean
0.5781834832391232	0.125	0.231752464657738
