p_value	real_mean	simulated_mean
0.4032659421855279	0.5	0.19140625000000003
0.5599812133455182	0.125	0.2869574652777777
0.5599812133455182	0.125	0.2732942708333333
