p_value	real_mean	simulated_mean
0.06118101882454502	0.03030303030303028	0.0
0.06118101882454502	0.03030303030303028	0.0
0.06118101882454502	0.025974025974025892	0.0
