p_value	real_mean	simulated_mean
0.2507564903332362	0.025974025974026153	0.01548370249542125
