module_name	real	random	significant	lo_ci	hi_ci
thecellmap	0.016951357187580247	0.007517480670240872	True	0.006696104844186413	0.008427190775647754
