p_value	real_mean	simulated_mean
0.0	0.11111111111111113	0.0
0.0	0.09999999999999999	0.0
0.0	0.09090909090909093	0.0
0.0	0.08333333333333333	0.0
0.0	0.08333333333333333	0.0
0.0	0.07142857142857141	0.0
0.0	0.055555555555555566	0.0
0.0	0.05263157894736842	0.0
0.0	0.09523809523809523	0.0
0.125	0.08695652173913043	0.0
0.125	0.08333333333333333	0.0
