p_value	real_mean	simulated_mean
0.5611581861469599	0.03125	0.019097222222222224
0.5934901490966935	0.03125	0.020650584795321638
0.5985976980635928	0.014705882352941178	0.009253472222222222
0.5401797347096421	0.023529411764705882	0.017259650072150072
