p_value	real_mean	simulated_mean
0.125	0.11111111111111113	0.0
0.125	0.09999999999999999	0.0
0.125	0.09090909090909093	0.0
0.125	0.08333333333333333	0.0
0.125	0.08333333333333333	0.0
0.25	0.023809523809523808	0.0
0.2154592012289704	0.013888888888888892	0.0
0.2154592012289704	0.013157894736842105	0.0
0.21897870425573115	0.019047619047619046	0.0
0.21897870425573115	0.017391304347826087	0.0
0.21897870425573115	0.016666666666666666	0.0
