p_value	real_mean	simulated_mean
0.4668404613932578	0.08333333333333333	0.0
0.4668404613932578	0.08333333333333333	0.0
0.4668404613932578	0.07142857142857141	0.0
