q_cutoff	real_mean	random_mean	random_median
1e-05	0.03756619804877146	0.032253184458037466	0.03103701575767322
0.0001	0.030540768847107703	0.028899850464713585	0.02728707461615805
0.001	0.038019548812686495	0.029750781478337242	0.02818841780347373
0.01	0.027084013166435494	0.023222763534155928	0.022693562624303387
