p_value	real_mean	simulated_mean
0.203125	0.07692307692307679	0.027300824175824176
0.203125	0.07692307692307679	0.027300824175824176
0.203125	0.07692307692307679	0.027300824175824176
0.203125	0.13333333333333316	0.03737297344924812
0.203125	0.1875	0.04760910560344827
0.203125	0.25	0.05786301185344827
