module_name	real	random	significant
colocalization	0.013175115146043725	0.013123797137344968	False
synthetic genetic interaction defined by inequality	0.012602167573057502	0.012889721180414202	True
association	0.012784968653848037	0.012863314860218302	False
physical association	0.012564864503794395	0.01261829449648514	False
physical	0.012391006495158906	0.012475170396990611	False
direct interaction	0.012348764457327544	0.01239969784191607	False
suppressive genetic interaction defined by inequality	0.01222896445514327	0.012682604990242244	True
genetic	0.01225645523858103	0.012759914589163139	True
additive genetic interaction defined by inequality	0.012194392158204928	0.012666796052509824	True
