p_value	real_mean	simulated_mean
0.125	0.09999999999999999	0.0
0.125	0.19999999999999998	0.0
