SNP	gene	p.value	FDR	q.value
ILV6	CDC34	1.8244098161640098e-06	0.00187738621500209	0.00178807446248462
gCL01	CDC34	1.8714526244706798e-06	0.0019044451564027899	0.0018138461453242
NML013W	CDC34	2.4407534555076e-06	0.0023426440825905603	0.00223119890052362
LEU2	CDC34	3.56865941540059e-06	0.00314883093668406	0.00299903351775703
NML011W	CDC34	4.072710248507711e-06	0.00347368948825527	0.00330843777104413
BUD3	CDC34	5.52656022952822e-06	0.00437094700047269	0.0041630105973747295
URA5	CDC34	5.74352694880034e-06	0.0044861474841093605	0.00427273071847212
NLR032W	RNR2	6.58911824539975e-06	0.005002052965672	0.00476409334235128
YML108W	CDC34	7.0090444121560505e-06	0.00525962751872975	0.005009414457861829
YCL022C	CDC34	7.28789675050612e-06	0.00543010882213281	0.00517178555791051
RFX1	RNR2	9.73469554335749e-06	0.0067752477061654	0.006452932967971279
ARO4	RRM3	1.2162903206943901e-05	0.007972783052151721	0.00759349869332388
YLR162W	RNR2	1.59720612120571e-05	0.00980704776219308	0.00934050304397532
IDP2	RNR2	2.00931885720065e-05	0.0116421903903309	0.0110883435480596
NGL3	CDC34	3.5589295367965005e-05	0.017560476803897	0.016725082921771998
gML01	CDC34	3.8019173010672496e-05	0.0183900907655124	0.0175152301629903
YLR169W	RNR2	3.8073996624781e-05	0.0183977928012393	0.0175225657944562
DPH5	RNR2	3.8199664217913396e-05	0.018449092003195	0.0175714245706791
NLR076W	RNR2	4.47695216686165e-05	0.0205817186672184	0.0196025970835495
VTA1	RNR4	6.87893693144402e-05	0.0278599596566231	0.0265345947412338
NDI1	CDC34	0.00010098619062481	0.0367526676741051	0.0350042553690412
NLR028W	RNR2	0.000104057283171418	0.0375535170161094	0.0357670063924016
SAM1	RNR4	0.00011849182077702	0.0409274470087282	0.0389804304656184
VTA1	RNR2	0.00012756101454923998	0.0430649132460111	0.041016212321673
GTR1	CDC34	0.000140202491722121	0.0457149388166688	0.0435401698376917
YRO2	RNR3	0.000157961182184397	0.049630742319303006	0.0472696892020171
NLR076W	RNR4	0.000166882507814423	0.0515518978536273	0.0490994507726179
RTC2	RNR3	0.000167943260937501	0.0517949994413954	0.0493309874364134
AGP1	CDC34	0.00016898704858175	0.0520405560567546	0.0495648623362658
