p_value	real_mean	simulated_mean
0.5646203607778634	0.044907407407407604	0.08725994160064444
