p_value	real_mean	simulated_mean
0.5589026862741115	0.03333333333333329	0.05071149553571428
0.5588914807828336	0.02777777777777771	0.049207899305555546
0.5589026862741115	0.018518518518518556	0.04798538773148148
0.5589026862741115	0.018518518518518556	0.04798538773148148
0.5649556696990198	0.01587301587301583	0.061415771694659775
0.5356125731741767	0.045138888888888985	0.06861908270656455
0.550245752942127	0.046296296296296426	0.07479713919082126
0.5169179835523687	0.04490740740740754	0.0600774973747256
