SNP	gene	pvalue	qvalue	reject
POF1	SUA7	7.338684388067001e-12	[4.29645365e-08]	[ True]
STE50	SUA7	5.139120855070533e-07	[0.00150436]	[ True]
YCL026C	SUA7	2.3158716243731382e-05	[0.04519445]	[ True]
