SNP	gene	pvalue	qvalue	reject
YGL068W_959	SSA1	0.03711935726890858	[0.01534953]	[ True]
NNL035W_2442	TOM5	0.02060774465737597	[0.01279579]	[ True]
NNL035W_2442	TOM70	0.04380685296641998	[0.01534953]	[ True]
YGL068W_959	STI1	5.840797664631476e-13	[1.08800248e-12]	[ True]
YGL068W_959	YDJ1	0.04944114330196897	[0.01534953]	[ True]
YGL068W_959	HSP82	0.01809320518683685	[0.01279579]	[ True]
