p_value	real_mean	simulated_mean
0.625	0.06666666666666667	0.0
0.6028829092197652	0.06666666666666667	0.0
0.7297820607982283	0.055555555555555566	0.0
0.7297820607982283	0.041666666666666664	0.0
0.7297820607982283	0.0625	0.0
0.6014896605412052	0.06597222222222222	0.0
0.6014896605412052	0.05297619047619047	0.0
0.6014896605412052	0.033154121863799284	0.0
