p_value	real_mean	simulated_mean
0.0	1.0	0.05078125
0.12335096867761883	0.1666666666666657	0.032470703125
0.19609092871279188	0.08333333333333286	0.027994791666666664
0.1983563392161639	0.08333333333333286	0.0224609375
0.26617041100236677	0.04166666666666643	0.12877061631944448
0.3342963430749421	0.044642857142856464	0.08655831473214286
0.42919147256260454	0.03591269841269857	0.06747322136517177
0.42895959003805473	0.03571428571428529	0.07328021563464429
