p_value	real_mean	simulated_mean
0.6624109306043897	0.013333333333333334	0.041111111111111105
0.6624109306043897	0.012499999999999999	0.03994633838383838
