module_name	real	random	significant	lo_ci	hi_ci
kegg_modules	0.09149281333211749	0.007651312560063972	True	0.005698345620578282	0.009538972753948629
