p_value	real_mean	simulated_mean
0.25	0.03333333333333333	0.0
0.25	0.03333333333333333	0.0
0.25	0.027777777777777783	0.0
0.25	0.020833333333333332	0.0
0.25	0.020833333333333332	0.0
0.25	0.018518518518518517	0.0
0.25	0.015873015873015872	0.0
0.35170796447084895	0.015873015873015872	0.0
0.35170796447084895	0.027777777777777783	0.0
0.4529947272016596	0.03125	0.017361111111111112
0.4529947272016596	0.037037037037037035	0.017361111111111112
