q_value_cutoff	real_modules	random_modules
1e-08	0.059880238	0.05265054
1e-07	0.07591837	0.06517573
1e-06	0.10633307	0.08893357
1e-05	0.10380623	0.10553407
1e-04	0.12023271	0.13149808
0.001	0.14358394	0.17285201
0.01	0.16437708	0.22089432
