q_value_cutoff	real_modules	random_modules
1e-08	0.04286589	0.06709928
1e-07	0.05816686	0.083843745
1e-06	0.08621637	0.10947321
1e-05	0.09391471	0.12285022
1e-04	0.1199095	0.15998979
0.001	0.16046213	0.21727322
0.01	0.20901796	0.2820188
