p_value	real_mean	simulated_mean
0.0	0.0625	0.0
0.0	0.055555555555555566	0.0
0.0	0.02272727272727273	0.0
