p_value	real_mean	simulated_mean
0.2957728495774022	0.022222222222222223	0.0
0.2957728495774022	0.020833333333333332	0.0
