SNP	gene	p.value	FDR	q.value
gCL01	SEC21	1.53588538405561e-07	0.000288808656172554	0.0002750693376355
LEU2	SEC21	7.26809213089573e-07	0.0009233616319830891	0.0008794351106840519
YCL022C	SEC21	8.8879844588845e-07	0.00107990038688101	0.0010285269426073
IRA2	SEC26	1.86156802628027e-06	0.0019015465063608602	0.00181108539099766
gOL02	SEC26	3.72191508523341e-06	0.0032552096470352602	0.0031003515384237603
REX4	SEC26	3.72191508523341e-06	0.0032552096470352602	0.0031003515384237603
ILV6	SEC21	5.2630331238126e-06	0.00422062906389756	0.00401984364456791
AGP1	SEC21	5.8830198423009805e-06	0.00457809053728065	0.0043602998206977205
BUD3	SEC21	6.42572950719082e-06	0.0049115238735381395	0.0046778709356547
YCL023C	SEC21	7.405916816641589e-06	0.00549855316874745	0.00523697384325378
NBR031C	SEC27	2.18080335263009e-05	0.012415241952498001	0.0118246191984554
gOL02	CHC1	3.47036099190094e-05	0.0172405702167136	0.0164203950560829
REX4	CHC1	3.47036099190094e-05	0.0172405702167136	0.0164203950560829
IRA2	CHC1	3.68632098500262e-05	0.0180058933869387	0.0171493099726259
NBR034W	SEC27	3.69400416684157e-05	0.0180248061509372	0.0171673230112061
NBR035W	SEC27	3.69400416684157e-05	0.0180248061509372	0.0171673230112061
gPL11	PDS5	6.09234734681855e-05	0.0256506812515019	0.0244304169939228
RPB5	SEC27	6.227247947893311e-05	0.026057375651692003	0.0248177639687777
RTC2	SEC27	6.891154489286011e-05	0.0278855615008771	0.0265589786445231
HAT1	PDS5	7.32441417266208e-05	0.0291585205653608	0.0277713800016882
YCL026C	SEC21	7.36545851047754e-05	0.0292868556646297	0.0278936098933372
RRP12	PDS5	8.213842265469051e-05	0.0317115225912674	0.0302029296150371
RQC2	PDS5	8.213842265469051e-05	0.0317115225912674	0.0302029296150371
STE50	SEC21	8.99934214452741e-05	0.033870028811327	0.0322587505315652
SLI15	SEC27	0.00011262418453757901	0.039597508968102005	0.0377137607584863
MPD2	SEC26	0.00013640547901722802	0.0448366994746291	0.0427037104416964
SLI15	SEC21	0.000139057509099833	0.0454344112542865	0.0432729876424083
TRM10	SEC26	0.00015347089967388601	0.0485992809321672	0.0462872969000823
TFC8	PDS5	0.00015734775151396202	0.0495449780167815	0.0471880049124946
CAB1	SEC21	0.000163322237957695	0.0508422906150966	0.048423601247639
