p_value	real_mean	simulated_mean
0.337697352420844	0.003636363636363636	0.04750000000000001
0.3611190287260001	0.002976190476190476	0.06776960784313725
