p_value	real_mean	simulated_mean
0.6766823518218389	0.011111111111111075	0.005023341910548939
0.5914738751499186	0.01564102564102574	0.008648836222592767
