p_value	real_mean	simulated_mean
0.6739859189929555	0.125	0.01815770643514188
0.5959003923476799	0.06060606060606187	0.023653542980227506
