p_value	real_mean	simulated_mean
0.13217970145479815	1.0	0.04763454861111113
0.15608546329287135	1.0	0.04707845052083335
0.15795183247382777	0.26666666666667155	0.07328016493055559
0.1884438463396616	0.1952380952380962	0.07570174282820773
0.30363088046784353	0.18958333333333188	0.08726798741080968
0.37176765890761104	0.1603202482072457	0.09611451126566378
0.34512579572564234	0.15923825087635263	0.07824729341215914
