module_name	real	random	significant	lo_ci	hi_ci
geneontology	0.014291154586716226	0.007712331111200232	True	0.007473796769698409	0.007928604279193034
