q_value_cutoff	real_modules	random_modules
1e-08	0.06708357	0.067977525
1e-07	0.08551198	0.08589952
1e-06	0.11237701	0.1107708
1e-05	0.12856475	0.12516946
1e-04	0.16491689	0.16334324
0.001	0.20766129	0.22075321
0.01	0.27654785	0.28908888
