SNP	gene	p.value	FDR	q.value
RTC2	CRN1	2.7990730744130403e-06	0.00261105072347218	0.00248683679553244
SLI15	CRN1	2.84516767712861e-06	0.00264362052655434	0.0025178571751826103
RPB5	CRN1	4.66965902043451e-06	0.00386605464072843	0.0036821371747682297
NBR034W	CRN1	9.74148259900627e-06	0.0067752477061654	0.006452932967971279
NBR035W	CRN1	9.74148259900627e-06	0.0067752477061654	0.006452932967971279
MAK5	CRN1	1.61688142246925e-05	0.00989806315241242	0.00942718861439434
NNL035W	TIM44	2.1880934713857398e-05	0.0124342930328742	0.0118427639733724
RPB5	RAD23	2.2633507971990804e-05	0.012747085226763	0.012140675894472
YBR144C	CRN1	2.5088981080185896e-05	0.0137008127772189	0.0130490323442589
CSH1	CRN1	2.8016469198737105e-05	0.0147922969538104	0.0140885920079944
NBR031C	CRN1	2.9132408728615198e-05	0.0152097474990533	0.0144861834323558
RTC2	RAD23	3.0500996500805896e-05	0.0157094913295178	0.0149621532535345
IRA1	CRN1	3.84883140167745e-05	0.0185532126229124	0.0176705919234844
NBR034W	RAD23	4.74176525479508e-05	0.0214807075703052	0.0204588189343448
NBR035W	RAD23	4.74176525479508e-05	0.0214807075703052	0.0204588189343448
gBR08	CRN1	5.12919826090589e-05	0.0226977035279678	0.021617919483531
NBR041W	CRN1	5.22376209237144e-05	0.0229711113081632	0.0218783206016948
NBR038W	CRN1	6.27890054247704e-05	0.0262097407677481	0.0249628807118412
SLI15	RAD23	6.763584829398779e-05	0.0275283286649445	0.0262187402290134
MAK5	RAD23	7.05391413928615e-05	0.0283742383861786	0.0270244080015896
ECM31	CRN1	7.131839095879909e-05	0.028572258877446	0.0272130081844687
TYR1	CRN1	7.29273205622727e-05	0.0290690973455652	0.0276862108583377
MLF3	TIM44	7.53427241881965e-05	0.0298182701601835	0.028399743730317995
YBR144C	RAD23	7.580703459695871e-05	0.029981051625168998	0.0285547812916789
EXO5	CRN1	8.17150547667075e-05	0.0315998230378533	0.0300965438765383
UBS1	CRN1	8.17150547667075e-05	0.0315998230378533	0.0300965438765383
NBR031C	RAD23	8.22003135670619e-05	0.0317226303136886	0.0302135089165357
NNL035W	CIC1	0.00011844171154167801	0.040917609928476	0.0389710613588017
YBR139W	CRN1	0.00012161143468369499	0.0415723217610909	0.0395946269836212
SMY2	CRN1	0.000122517496679771	0.0417989706485808	0.0398104936414418
PEX32	CRN1	0.000133230537278891	0.044226798835589	0.0421228242347954
NBR051C	RAD23	0.000136422309746447	0.0448366994746291	0.0427037104416964
YBR137W	CRN1	0.000145140973111366	0.0468236313311405	0.0445961191975161
gCL01	SAC6	0.00016497244825377	0.0511900538803123	0.0487548205825596
