module_name	common_pQTLs	overlap_ratio	old_pQTLs	predicted_pQTLs	delta
colocalization	1604	44.85458612975391	3576	3256	1652
association	3515	36.508101371001246	9628	6999	3484
direct interaction	4213	34.94525547445255	12056	8227	4014
physical association	4419	32.58128732581287	13563	8602	4183
physical	4419	32.38074302044405	13647	8581	4162
