p_value	real_mean	simulated_mean
0.0	0.6666666666666666	0.0
0.0	0.6666666666666666	0.0
0.0	0.6666666666666666	0.0
0.0	0.5	0.0
0.0	0.75	0.0
0.0	0.75	0.0
0.0	0.6	0.0
0.0	0.3333333333333333	0.0
